Workbook

Sheet input_a
A1: Daily | B1: Region | C1: Value
A2: Sunday | B2: North | C2: 10
A3: Monday | B3: North | C3: 10
A4: Tuesday | B4: North | C4: 10
A5: Wednesday | B5: North | C5: 10
A6: Thursday | B6: North | C6: 10
A7: Friday | B7: North | C7: 10
A8: Saturday | B8: North | C8: 10
A9: Sunday | B9: South | C9: 20
A10: Monday | B10: South | C10: 20
A11: Tuesday | B11: South | C11: 20
A12: Wednesday | B12: South | C12: 20
A13: Thursday | B13: South | C13: 20
... A15: Saturday | B15: South | C15: 20

Sheet input_b
A1: Daily | B1: Region | C1: Value
A2: Sunday | B2: North | C2: 5
A3: Monday | B3: North | C3: 5
A4: Tuesday | B4: North | C4: 5
A5: Wednesday | B5: North | C5: 5
A6: Thursday | B6: North | C6: 5
A7: Friday | B7: North | C7: 5
A8: Saturday | B8: North | C8: 5
A9: Sunday | B9: South | C9: 15
A10: Monday | B10: South | C10: 15
A11: Tuesday | B11: South | C11: 15
A12: Wednesday | B12: South | C12: 15
A13: Thursday | B13: South | C13: 15
... A15: Saturday | B15: South | C15: 15

Sheet expected_output
A1: Region | B1: Daily | C1: input_a | D1: input_b | E1: Metric | F1: Value | G1: Computed Value | H1: Match
A2: North | B2: Sunday | C2: =input_a!C2 | D2: =input_b!C2 | E2: negate_metric | F2: -5 | G2: =(-C2+D2) | H2: =IF(ABS(F2-G2)<0.000000001,"OK","Not A Match")
A3: North | B3: Monday | C3: =input_a!C3 | D3: =input_b!C3 | E3: negate_metric | F3: -5 | G3: =(-C3+D3) | H3: =IF(ABS(F3-G3)<0.000000001,"OK","Not A Match")
A4: North | B4: Tuesday | C4: =input_a!C4 | D4: =input_b!C4 | E4: negate_metric | F4: -5 | G4: =(-C4+D4) | H4: =IF(ABS(F4-G4)<0.000000001,"OK","Not A Match")
A5: North | B5: Wednesday | C5: =input_a!C5 | D5: =input_b!C5 | E5: negate_metric | F5: -5 | G5: =(-C5+D5) | H5: =IF(ABS(F5-G5)<0.000000001,"OK","Not A Match")
A6: North | B6: Thursday | C6: =input_a!C6 | D6: =input_b!C6 | E6: negate_metric | F6: -5 | G6: =(-C6+D6) | H6: =IF(ABS(F6-G6)<0.000000001,"OK","Not A Match")
A7: North | B7: Friday | C7: =input_a!C7 | D7: =input_b!C7 | E7: negate_metric | F7: -5 | G7: =(-C7+D7) | H7: =IF(ABS(F7-G7)<0.000000001,"OK","Not A Match")
A8: North | B8: Saturday | C8: =input_a!C8 | D8: =input_b!C8 | E8: negate_metric | F8: -5 | G8: =(-C8+D8) | H8: =IF(ABS(F8-G8)<0.000000001,"OK","Not A Match")
A9: South | B9: Sunday | C9: =input_a!C9 | D9: =input_b!C9 | E9: negate_metric | F9: -5 | G9: =(-C9+D9) | H9: =IF(ABS(F9-G9)<0.000000001,"OK","Not A Match")
A10: South | B10: Monday | C10: =input_a!C10 | D10: =input_b!C10 | E10: negate_metric | F10: -5 | G10: =(-C10+D10) | H10: =IF(ABS(F10-G10)<0.000000001,"OK","Not A Match")
A11: South | B11: Tuesday | C11: =input_a!C11 | D11: =input_b!C11 | E11: negate_metric | F11: -5 | G11: =(-C11+D11) | H11: =IF(ABS(F11-G11)<0.000000001,"OK","Not A Match")
A12: South | B12: Wednesday | C12: =input_a!C12 | D12: =input_b!C12 | E12: negate_metric | F12: -5 | G12: =(-C12+D12) | H12: =IF(ABS(F12-G12)<0.000000001,"OK","Not A Match")
A13: South | B13: Thursday | C13: =input_a!C13 | D13: =input_b!C13 | E13: negate_metric | F13: -5 | G13: =(-C13+D13) | H13: =IF(ABS(F13-G13)<0.000000001,"OK","Not A Match")
... A15: South | B15: Saturday | C15: =input_a!C15 | D15: =input_b!C15 | E15: negate_metric | F15: -5 | G15: =(-C15+D15) | H15: =IF(ABS(F15-G15)<0.000000001,"OK","Not A Match")
