Workbook

Sheet raw_strength
A1: Daily | B1: Material | C1: Product | D1: Value
A2: Sunday | B2: Steel | C2: WidgetA | D2: 1
A3: Monday | B3: Steel | C3: WidgetA | D3: 1
A4: Tuesday | B4: Steel | C4: WidgetA | D4: 1
A5: Wednesday | B5: Steel | C5: WidgetA | D5: 1
A6: Thursday | B6: Steel | C6: WidgetA | D6: 1
A7: Friday | B7: Steel | C7: WidgetA | D7: 1
A8: Saturday | B8: Steel | C8: WidgetA | D8: 1
A9: Sunday | B9: Aluminum | C9: WidgetA | D9: 1
A10: Monday | B10: Aluminum | C10: WidgetA | D10: 1
A11: Tuesday | B11: Aluminum | C11: WidgetA | D11: 1
A12: Wednesday | B12: Aluminum | C12: WidgetA | D12: 1
A13: Thursday | B13: Aluminum | C13: WidgetA | D13: 1
... A64: Saturday | B64: Copper | C64: WidgetC | D64: 1

Sheet strength_adjusted_for_material
A1: key | B1: Material | C1: Value
A2: Steel | B2: Steel | C2: 1
A3: Aluminum | B3: Aluminum | C3: 0.8
A4: Copper | B4: Copper | C4: 0.9

Sheet expected_output
A1: Product | B1: Material | C1: Daily | D1: raw_strength | E1: Metric | F1: Value | G1: Computed Value | H1: Match
A2: WidgetA | B2: Steel | C2: Sunday | D2: =raw_strength!D2 | E2: product_strength | F2: 1 | G2: =(D2*VLOOKUP(B2,strength_adjusted_for_material!A:C,3,FALSE)) | H2: =IF(ABS(F2-G2)<0.000000001,"OK","Not A Match")
A3: WidgetA | B3: Steel | C3: Monday | D3: =raw_strength!D3 | E3: product_strength | F3: 1 | G3: =(D3*VLOOKUP(B3,strength_adjusted_for_material!A:C,3,FALSE)) | H3: =IF(ABS(F3-G3)<0.000000001,"OK","Not A Match")
A4: WidgetA | B4: Steel | C4: Tuesday | D4: =raw_strength!D4 | E4: product_strength | F4: 1 | G4: =(D4*VLOOKUP(B4,strength_adjusted_for_material!A:C,3,FALSE)) | H4: =IF(ABS(F4-G4)<0.000000001,"OK","Not A Match")
A5: WidgetA | B5: Steel | C5: Wednesday | D5: =raw_strength!D5 | E5: product_strength | F5: 1 | G5: =(D5*VLOOKUP(B5,strength_adjusted_for_material!A:C,3,FALSE)) | H5: =IF(ABS(F5-G5)<0.000000001,"OK","Not A Match")
A6: WidgetA | B6: Steel | C6: Thursday | D6: =raw_strength!D6 | E6: product_strength | F6: 1 | G6: =(D6*VLOOKUP(B6,strength_adjusted_for_material!A:C,3,FALSE)) | H6: =IF(ABS(F6-G6)<0.000000001,"OK","Not A Match")
A7: WidgetA | B7: Steel | C7: Friday | D7: =raw_strength!D7 | E7: product_strength | F7: 1 | G7: =(D7*VLOOKUP(B7,strength_adjusted_for_material!A:C,3,FALSE)) | H7: =IF(ABS(F7-G7)<0.000000001,"OK","Not A Match")
A8: WidgetA | B8: Steel | C8: Saturday | D8: =raw_strength!D8 | E8: product_strength | F8: 1 | G8: =(D8*VLOOKUP(B8,strength_adjusted_for_material!A:C,3,FALSE)) | H8: =IF(ABS(F8-G8)<0.000000001,"OK","Not A Match")
A9: WidgetA | B9: Aluminum | C9: Sunday | D9: =raw_strength!D9 | E9: product_strength | F9: 0.8 | G9: =(D9*VLOOKUP(B9,strength_adjusted_for_material!A:C,3,FALSE)) | H9: =IF(ABS(F9-G9)<0.000000001,"OK","Not A Match")
A10: WidgetA | B10: Aluminum | C10: Monday | D10: =raw_strength!D10 | E10: product_strength | F10: 0.8 | G10: =(D10*VLOOKUP(B10,strength_adjusted_for_material!A:C,3,FALSE)) | H10: =IF(ABS(F10-G10)<0.000000001,"OK","Not A Match")
A11: WidgetA | B11: Aluminum | C11: Tuesday | D11: =raw_strength!D11 | E11: product_strength | F11: 0.8 | G11: =(D11*VLOOKUP(B11,strength_adjusted_for_material!A:C,3,FALSE)) | H11: =IF(ABS(F11-G11)<0.000000001,"OK","Not A Match")
A12: WidgetA | B12: Aluminum | C12: Wednesday | D12: =raw_strength!D12 | E12: product_strength | F12: 0.8 | G12: =(D12*VLOOKUP(B12,strength_adjusted_for_material!A:C,3,FALSE)) | H12: =IF(ABS(F12-G12)<0.000000001,"OK","Not A Match")
A13: WidgetA | B13: Aluminum | C13: Thursday | D13: =raw_strength!D13 | E13: product_strength | F13: 0.8 | G13: =(D13*VLOOKUP(B13,strength_adjusted_for_material!A:C,3,FALSE)) | H13: =IF(ABS(F13-G13)<0.000000001,"OK","Not A Match")
... A64: WidgetC | B64: Copper | C64: Saturday | D64: =raw_strength!D64 | E64: product_strength | F64: 0.9 | G64: =(D64*VLOOKUP(B64,strength_adjusted_for_material!A:C,3,FALSE)) | H64: =IF(ABS(F64-G64)<0.000000001,"OK","Not A Match")
