Workbook

Sheet input_a
A1: Daily | B1: Region | C1: Value
A2: Sunday | B2: North | C2: 10
A3: Monday | B3: North | C3: 10
A4: Tuesday | B4: North | C4: 10
A5: Wednesday | B5: North | C5: 10
A6: Thursday | B6: North | C6: 10
A7: Friday | B7: North | C7: 10
A8: Saturday | B8: North | C8: 10
A9: Sunday | B9: South | C9: 20
A10: Monday | B10: South | C10: 20
A11: Tuesday | B11: South | C11: 20
A12: Wednesday | B12: South | C12: 20
A13: Thursday | B13: South | C13: 20
... A15: Saturday | B15: South | C15: 20

Sheet input_b
A1: Daily | B1: Region | C1: Value
A2: Sunday | B2: North | C2: 5
A3: Monday | B3: North | C3: 5
A4: Tuesday | B4: North | C4: 5
A5: Wednesday | B5: North | C5: 5
A6: Thursday | B6: North | C6: 5
A7: Friday | B7: North | C7: 5
A8: Saturday | B8: North | C8: 5
A9: Sunday | B9: South | C9: 15
A10: Monday | B10: South | C10: 15
A11: Tuesday | B11: South | C11: 15
A12: Wednesday | B12: South | C12: 15
A13: Thursday | B13: South | C13: 15
... A15: Saturday | B15: South | C15: 15

Sheet input_c
A1: Daily | B1: Region | C1: Value
A2: Sunday | B2: North | C2: 2
A3: Monday | B3: North | C3: 2
A4: Tuesday | B4: North | C4: 2
A5: Wednesday | B5: North | C5: 2
A6: Thursday | B6: North | C6: 2
A7: Friday | B7: North | C7: 2
A8: Saturday | B8: North | C8: 2
A9: Sunday | B9: South | C9: 3
A10: Monday | B10: South | C10: 3
A11: Tuesday | B11: South | C11: 3
A12: Wednesday | B12: South | C12: 3
A13: Thursday | B13: South | C13: 3
... A15: Saturday | B15: South | C15: 3

Sheet expected_output
A1: Region | B1: Daily | C1: input_a | D1: input_b | E1: input_c | F1: Metric | G1: Value | H1: Computed Value | I1: Match
A2: North | B2: Sunday | C2: =input_a!C2 | D2: =input_b!C2 | E2: =input_c!C2 | F2: precedence_metric | G2: 52 | H2: =((C2*D2)+E2) | I2: =IF(ABS(G2-H2)<0.000000001,"OK","Not A Match")
A3: North | B3: Monday | C3: =input_a!C3 | D3: =input_b!C3 | E3: =input_c!C3 | F3: precedence_metric | G3: 52 | H3: =((C3*D3)+E3) | I3: =IF(ABS(G3-H3)<0.000000001,"OK","Not A Match")
A4: North | B4: Tuesday | C4: =input_a!C4 | D4: =input_b!C4 | E4: =input_c!C4 | F4: precedence_metric | G4: 52 | H4: =((C4*D4)+E4) | I4: =IF(ABS(G4-H4)<0.000000001,"OK","Not A Match")
A5: North | B5: Wednesday | C5: =input_a!C5 | D5: =input_b!C5 | E5: =input_c!C5 | F5: precedence_metric | G5: 52 | H5: =((C5*D5)+E5) | I5: =IF(ABS(G5-H5)<0.000000001,"OK","Not A Match")
A6: North | B6: Thursday | C6: =input_a!C6 | D6: =input_b!C6 | E6: =input_c!C6 | F6: precedence_metric | G6: 52 | H6: =((C6*D6)+E6) | I6: =IF(ABS(G6-H6)<0.000000001,"OK","Not A Match")
A7: North | B7: Friday | C7: =input_a!C7 | D7: =input_b!C7 | E7: =input_c!C7 | F7: precedence_metric | G7: 52 | H7: =((C7*D7)+E7) | I7: =IF(ABS(G7-H7)<0.000000001,"OK","Not A Match")
A8: North | B8: Saturday | C8: =input_a!C8 | D8: =input_b!C8 | E8: =input_c!C8 | F8: precedence_metric | G8: 52 | H8: =((C8*D8)+E8) | I8: =IF(ABS(G8-H8)<0.000000001,"OK","Not A Match")
A9: South | B9: Sunday | C9: =input_a!C9 | D9: =input_b!C9 | E9: =input_c!C9 | F9: precedence_metric | G9: 303 | H9: =((C9*D9)+E9) | I9: =IF(ABS(G9-H9)<0.000000001,"OK","Not A Match")
A10: South | B10: Monday | C10: =input_a!C10 | D10: =input_b!C10 | E10: =input_c!C10 | F10: precedence_metric | G10: 303 | H10: =((C10*D10)+E10) | I10: =IF(ABS(G10-H10)<0.000000001,"OK","Not A Match")
A11: South | B11: Tuesday | C11: =input_a!C11 | D11: =input_b!C11 | E11: =input_c!C11 | F11: precedence_metric | G11: 303 | H11: =((C11*D11)+E11) | I11: =IF(ABS(G11-H11)<0.000000001,"OK","Not A Match")
A12: South | B12: Wednesday | C12: =input_a!C12 | D12: =input_b!C12 | E12: =input_c!C12 | F12: precedence_metric | G12: 303 | H12: =((C12*D12)+E12) | I12: =IF(ABS(G12-H12)<0.000000001,"OK","Not A Match")
A13: South | B13: Thursday | C13: =input_a!C13 | D13: =input_b!C13 | E13: =input_c!C13 | F13: precedence_metric | G13: 303 | H13: =((C13*D13)+E13) | I13: =IF(ABS(G13-H13)<0.000000001,"OK","Not A Match")
... A15: South | B15: Saturday | C15: =input_a!C15 | D15: =input_b!C15 | E15: =input_c!C15 | F15: precedence_metric | G15: 303 | H15: =((C15*D15)+E15) | I15: =IF(ABS(G15-H15)<0.000000001,"OK","Not A Match")
