Workbook

Sheet input_a
A1: Daily | B1: Region | C1: Value
A2: Sunday | B2: North | C2: 10
A3: Monday | B3: North | C3: 10
A4: Tuesday | B4: North | C4: 10
A5: Wednesday | B5: North | C5: 10
A6: Thursday | B6: North | C6: 10
A7: Friday | B7: North | C7: 10
A8: Saturday | B8: North | C8: 10
A9: Sunday | B9: South | C9: 20
A10: Monday | B10: South | C10: 20
A11: Tuesday | B11: South | C11: 20
A12: Wednesday | B12: South | C12: 20
A13: Thursday | B13: South | C13: 20
... A15: Saturday | B15: South | C15: 20

Sheet input_b
A1: Daily | B1: Region | C1: Value
A2: Sunday | B2: North | C2: 5
A3: Monday | B3: North | C3: 5
A4: Tuesday | B4: North | C4: 5
A5: Wednesday | B5: North | C5: 5
A6: Thursday | B6: North | C6: 5
A7: Friday | B7: North | C7: 5
A8: Saturday | B8: North | C8: 5
A9: Sunday | B9: South | C9: 15
A10: Monday | B10: South | C10: 15
A11: Tuesday | B11: South | C11: 15
A12: Wednesday | B12: South | C12: 15
A13: Thursday | B13: South | C13: 15
... A15: Saturday | B15: South | C15: 15

Sheet input_c
A1: Daily | B1: Region | C1: Value
A2: Sunday | B2: North | C2: 2
A3: Monday | B3: North | C3: 2
A4: Tuesday | B4: North | C4: 2
A5: Wednesday | B5: North | C5: 2
A6: Thursday | B6: North | C6: 2
A7: Friday | B7: North | C7: 2
A8: Saturday | B8: North | C8: 2
A9: Sunday | B9: South | C9: 3
A10: Monday | B10: South | C10: 3
A11: Tuesday | B11: South | C11: 3
A12: Wednesday | B12: South | C12: 3
A13: Thursday | B13: South | C13: 3
... A15: Saturday | B15: South | C15: 3

Sheet input_d
A1: Daily | B1: Region | C1: Value
A2: Sunday | B2: North | C2: 4
A3: Monday | B3: North | C3: 4
A4: Tuesday | B4: North | C4: 4
A5: Wednesday | B5: North | C5: 4
A6: Thursday | B6: North | C6: 4
A7: Friday | B7: North | C7: 4
A8: Saturday | B8: North | C8: 4
A9: Sunday | B9: South | C9: 5
A10: Monday | B10: South | C10: 5
A11: Tuesday | B11: South | C11: 5
A12: Wednesday | B12: South | C12: 5
A13: Thursday | B13: South | C13: 5
... A15: Saturday | B15: South | C15: 5

Sheet input_e
A1: Daily | B1: Region | C1: Value
A2: Sunday | B2: North | C2: 1
A3: Monday | B3: North | C3: 1
A4: Tuesday | B4: North | C4: 1
A5: Wednesday | B5: North | C5: 1
A6: Thursday | B6: North | C6: 1
A7: Friday | B7: North | C7: 1
A8: Saturday | B8: North | C8: 1
A9: Sunday | B9: South | C9: 2
A10: Monday | B10: South | C10: 2
A11: Tuesday | B11: South | C11: 2
A12: Wednesday | B12: South | C12: 2
A13: Thursday | B13: South | C13: 2
... A15: Saturday | B15: South | C15: 2

Sheet expected_output
A1: Region | B1: Daily | C1: input_a | D1: input_b | E1: input_c | F1: input_d | G1: input_e | H1: Metric | I1: Value | J1: Computed Value | K1: Match
A2: North | B2: Sunday | C2: =input_a!C2 | D2: =input_b!C2 | E2: =input_c!C2 | F2: =input_d!C2 | G2: =input_e!C2 | H2: complex_metric | I2: 49.5 | J2: =(((C2*D2)+(E2/F2))-G2) | K2: =IF(ABS(I2-J2)<0.000000001,"OK","Not A Match")
A3: North | B3: Monday | C3: =input_a!C3 | D3: =input_b!C3 | E3: =input_c!C3 | F3: =input_d!C3 | G3: =input_e!C3 | H3: complex_metric | I3: 49.5 | J3: =(((C3*D3)+(E3/F3))-G3) | K3: =IF(ABS(I3-J3)<0.000000001,"OK","Not A Match")
A4: North | B4: Tuesday | C4: =input_a!C4 | D4: =input_b!C4 | E4: =input_c!C4 | F4: =input_d!C4 | G4: =input_e!C4 | H4: complex_metric | I4: 49.5 | J4: =(((C4*D4)+(E4/F4))-G4) | K4: =IF(ABS(I4-J4)<0.000000001,"OK","Not A Match")
A5: North | B5: Wednesday | C5: =input_a!C5 | D5: =input_b!C5 | E5: =input_c!C5 | F5: =input_d!C5 | G5: =input_e!C5 | H5: complex_metric | I5: 49.5 | J5: =(((C5*D5)+(E5/F5))-G5) | K5: =IF(ABS(I5-J5)<0.000000001,"OK","Not A Match")
A6: North | B6: Thursday | C6: =input_a!C6 | D6: =input_b!C6 | E6: =input_c!C6 | F6: =input_d!C6 | G6: =input_e!C6 | H6: complex_metric | I6: 49.5 | J6: =(((C6*D6)+(E6/F6))-G6) | K6: =IF(ABS(I6-J6)<0.000000001,"OK","Not A Match")
A7: North | B7: Friday | C7: =input_a!C7 | D7: =input_b!C7 | E7: =input_c!C7 | F7: =input_d!C7 | G7: =input_e!C7 | H7: complex_metric | I7: 49.5 | J7: =(((C7*D7)+(E7/F7))-G7) | K7: =IF(ABS(I7-J7)<0.000000001,"OK","Not A Match")
A8: North | B8: Saturday | C8: =input_a!C8 | D8: =input_b!C8 | E8: =input_c!C8 | F8: =input_d!C8 | G8: =input_e!C8 | H8: complex_metric | I8: 49.5 | J8: =(((C8*D8)+(E8/F8))-G8) | K8: =IF(ABS(I8-J8)<0.000000001,"OK","Not A Match")
A9: South | B9: Sunday | C9: =input_a!C9 | D9: =input_b!C9 | E9: =input_c!C9 | F9: =input_d!C9 | G9: =input_e!C9 | H9: complex_metric | I9: 298.6 | J9: =(((C9*D9)+(E9/F9))-G9) | K9: =IF(ABS(I9-J9)<0.000000001,"OK","Not A Match")
A10: South | B10: Monday | C10: =input_a!C10 | D10: =input_b!C10 | E10: =input_c!C10 | F10: =input_d!C10 | G10: =input_e!C10 | H10: complex_metric | I10: 298.6 | J10: =(((C10*D10)+(E10/F10))-G10) | K10: =IF(ABS(I10-J10)<0.000000001,"OK","Not A Match")
A11: South | B11: Tuesday | C11: =input_a!C11 | D11: =input_b!C11 | E11: =input_c!C11 | F11: =input_d!C11 | G11: =input_e!C11 | H11: complex_metric | I11: 298.6 | J11: =(((C11*D11)+(E11/F11))-G11) | K11: =IF(ABS(I11-J11)<0.000000001,"OK","Not A Match")
A12: South | B12: Wednesday | C12: =input_a!C12 | D12: =input_b!C12 | E12: =input_c!C12 | F12: =input_d!C12 | G12: =input_e!C12 | H12: complex_metric | I12: 298.6 | J12: =(((C12*D12)+(E12/F12))-G12) | K12: =IF(ABS(I12-J12)<0.000000001,"OK","Not A Match")
A13: South | B13: Thursday | C13: =input_a!C13 | D13: =input_b!C13 | E13: =input_c!C13 | F13: =input_d!C13 | G13: =input_e!C13 | H13: complex_metric | I13: 298.6 | J13: =(((C13*D13)+(E13/F13))-G13) | K13: =IF(ABS(I13-J13)<0.000000001,"OK","Not A Match")
... A15: South | B15: Saturday | C15: =input_a!C15 | D15: =input_b!C15 | E15: =input_c!C15 | F15: =input_d!C15 | G15: =input_e!C15 | H15: complex_metric | I15: 298.6 | J15: =(((C15*D15)+(E15/F15))-G15) | K15: =IF(ABS(I15-J15)<0.000000001,"OK","Not A Match")
