Workbook

Sheet data_a
A1: Daily | B1: Region | C1: Value
A2: Sunday | B2: North | C2: 10
A3: Monday | B3: North | C3: 10
A4: Tuesday | B4: North | C4: 10
A5: Wednesday | B5: North | C5: 10
A6: Thursday | B6: North | C6: 10
A7: Friday | B7: North | C7: 10
A8: Saturday | B8: North | C8: 10
A9: Sunday | B9: South | C9: 20
A10: Monday | B10: South | C10: 20
A11: Tuesday | B11: South | C11: 20
A12: Wednesday | B12: South | C12: 20
A13: Thursday | B13: South | C13: 20
... A15: Saturday | B15: South | C15: 20

Sheet expected_output
A1: Region | B1: Daily | C1: data_a | D1: Metric | E1: Value | F1: Computed Value | G1: Match
A2: North | B2: Sunday | C2: =data_a!C2 | D2: tautology_metric | E2: 20 | F2: =(C2*2) | G2: =IF(ABS(E2-F2)<0.000000001,"OK","Not A Match")
A3: North | B3: Monday | C3: =data_a!C3 | D3: tautology_metric | E3: 20 | F3: =(C3*2) | G3: =IF(ABS(E3-F3)<0.000000001,"OK","Not A Match")
A4: North | B4: Tuesday | C4: =data_a!C4 | D4: tautology_metric | E4: 20 | F4: =(C4*2) | G4: =IF(ABS(E4-F4)<0.000000001,"OK","Not A Match")
A5: North | B5: Wednesday | C5: =data_a!C5 | D5: tautology_metric | E5: 20 | F5: =(C5*2) | G5: =IF(ABS(E5-F5)<0.000000001,"OK","Not A Match")
A6: North | B6: Thursday | C6: =data_a!C6 | D6: tautology_metric | E6: 20 | F6: =(C6*2) | G6: =IF(ABS(E6-F6)<0.000000001,"OK","Not A Match")
A7: North | B7: Friday | C7: =data_a!C7 | D7: tautology_metric | E7: 20 | F7: =(C7*2) | G7: =IF(ABS(E7-F7)<0.000000001,"OK","Not A Match")
A8: North | B8: Saturday | C8: =data_a!C8 | D8: tautology_metric | E8: 20 | F8: =(C8*2) | G8: =IF(ABS(E8-F8)<0.000000001,"OK","Not A Match")
A9: South | B9: Sunday | C9: =data_a!C9 | D9: tautology_metric | E9: 40 | F9: =(C9*2) | G9: =IF(ABS(E9-F9)<0.000000001,"OK","Not A Match")
A10: South | B10: Monday | C10: =data_a!C10 | D10: tautology_metric | E10: 40 | F10: =(C10*2) | G10: =IF(ABS(E10-F10)<0.000000001,"OK","Not A Match")
A11: South | B11: Tuesday | C11: =data_a!C11 | D11: tautology_metric | E11: 40 | F11: =(C11*2) | G11: =IF(ABS(E11-F11)<0.000000001,"OK","Not A Match")
A12: South | B12: Wednesday | C12: =data_a!C12 | D12: tautology_metric | E12: 40 | F12: =(C12*2) | G12: =IF(ABS(E12-F12)<0.000000001,"OK","Not A Match")
A13: South | B13: Thursday | C13: =data_a!C13 | D13: tautology_metric | E13: 40 | F13: =(C13*2) | G13: =IF(ABS(E13-F13)<0.000000001,"OK","Not A Match")
... A15: South | B15: Saturday | C15: =data_a!C15 | D15: tautology_metric | E15: 40 | F15: =(C15*2) | G15: =IF(ABS(E15-F15)<0.000000001,"OK","Not A Match")
