Workbook

Sheet data_a
A1: Daily | B1: Region | C1: Value
A2: Sunday | B2: North | C2: 10
A3: Monday | B3: North | C3: 9
A4: Tuesday | B4: North | C4: 8
A5: Wednesday | B5: North | C5: 2
A6: Thursday | B6: North | C6: 7
A7: Friday | B7: North | C7: 6
A8: Saturday | B8: North | C8: 5
A9: Sunday | B9: South | C9: 10
A10: Monday | B10: South | C10: 9
A11: Tuesday | B11: South | C11: 8
A12: Wednesday | B12: South | C12: 1
A13: Thursday | B13: South | C13: 4
... A15: Saturday | B15: South | C15: 5

Sheet data_b
A1: Daily | B1: Region | C1: Value
A2: Sunday | B2: North | C2: 5
A3: Monday | B3: North | C3: 4
A4: Tuesday | B4: North | C4: 3
A5: Wednesday | B5: North | C5: 1
A6: Thursday | B6: North | C6: 3
A7: Friday | B7: North | C7: 10
A8: Saturday | B8: North | C8: 7
A9: Sunday | B9: South | C9: 20
A10: Monday | B10: South | C10: 9
A11: Tuesday | B11: South | C11: 3
A12: Wednesday | B12: South | C12: 5
A13: Thursday | B13: South | C13: 2
... A15: Saturday | B15: South | C15: 5

Sheet expected_output
A1: Region | B1: Daily | C1: data_a | D1: data_b | E1: Metric | F1: Value | G1: Computed Value | H1: Match
A2: North | B2: Sunday | C2: =data_a!C2 | D2: =data_b!C2 | E2: comparison_metric | F2: 15 | G2: =IF(C2=10,(C2+D2),IF(C2>=8,(C2-D2),IF(C2<=3,(C2/2),IF(C2>D2,(C2+D2),IF(C2<>5,(C2*2),(D2-C2)))))) | H2: =IF(ABS(F2-G2)<0.000000001,"OK","Not A Match")
A3: North | B3: Monday | C3: =data_a!C3 | D3: =data_b!C3 | E3: comparison_metric | F3: 5 | G3: =IF(C3=10,(C3+D3),IF(C3>=8,(C3-D3),IF(C3<=3,(C3/2),IF(C3>D3,(C3+D3),IF(C3<>5,(C3*2),(D3-C3)))))) | H3: =IF(ABS(F3-G3)<0.000000001,"OK","Not A Match")
A4: North | B4: Tuesday | C4: =data_a!C4 | D4: =data_b!C4 | E4: comparison_metric | F4: 5 | G4: =IF(C4=10,(C4+D4),IF(C4>=8,(C4-D4),IF(C4<=3,(C4/2),IF(C4>D4,(C4+D4),IF(C4<>5,(C4*2),(D4-C4)))))) | H4: =IF(ABS(F4-G4)<0.000000001,"OK","Not A Match")
A5: North | B5: Wednesday | C5: =data_a!C5 | D5: =data_b!C5 | E5: comparison_metric | F5: 1 | G5: =IF(C5=10,(C5+D5),IF(C5>=8,(C5-D5),IF(C5<=3,(C5/2),IF(C5>D5,(C5+D5),IF(C5<>5,(C5*2),(D5-C5)))))) | H5: =IF(ABS(F5-G5)<0.000000001,"OK","Not A Match")
A6: North | B6: Thursday | C6: =data_a!C6 | D6: =data_b!C6 | E6: comparison_metric | F6: 10 | G6: =IF(C6=10,(C6+D6),IF(C6>=8,(C6-D6),IF(C6<=3,(C6/2),IF(C6>D6,(C6+D6),IF(C6<>5,(C6*2),(D6-C6)))))) | H6: =IF(ABS(F6-G6)<0.000000001,"OK","Not A Match")
A7: North | B7: Friday | C7: =data_a!C7 | D7: =data_b!C7 | E7: comparison_metric | F7: 12 | G7: =IF(C7=10,(C7+D7),IF(C7>=8,(C7-D7),IF(C7<=3,(C7/2),IF(C7>D7,(C7+D7),IF(C7<>5,(C7*2),(D7-C7)))))) | H7: =IF(ABS(F7-G7)<0.000000001,"OK","Not A Match")
A8: North | B8: Saturday | C8: =data_a!C8 | D8: =data_b!C8 | E8: comparison_metric | F8: 2 | G8: =IF(C8=10,(C8+D8),IF(C8>=8,(C8-D8),IF(C8<=3,(C8/2),IF(C8>D8,(C8+D8),IF(C8<>5,(C8*2),(D8-C8)))))) | H8: =IF(ABS(F8-G8)<0.000000001,"OK","Not A Match")
A9: South | B9: Sunday | C9: =data_a!C9 | D9: =data_b!C9 | E9: comparison_metric | F9: 30 | G9: =IF(C9=10,(C9+D9),IF(C9>=8,(C9-D9),IF(C9<=3,(C9/2),IF(C9>D9,(C9+D9),IF(C9<>5,(C9*2),(D9-C9)))))) | H9: =IF(ABS(F9-G9)<0.000000001,"OK","Not A Match")
A10: South | B10: Monday | C10: =data_a!C10 | D10: =data_b!C10 | E10: comparison_metric | F10: 0 | G10: =IF(C10=10,(C10+D10),IF(C10>=8,(C10-D10),IF(C10<=3,(C10/2),IF(C10>D10,(C10+D10),IF(C10<>5,(C10*2),(D10-C10)))))) | H10: =IF(ABS(F10-G10)<0.000000001,"OK","Not A Match")
A11: South | B11: Tuesday | C11: =data_a!C11 | D11: =data_b!C11 | E11: comparison_metric | F11: 5 | G11: =IF(C11=10,(C11+D11),IF(C11>=8,(C11-D11),IF(C11<=3,(C11/2),IF(C11>D11,(C11+D11),IF(C11<>5,(C11*2),(D11-C11)))))) | H11: =IF(ABS(F11-G11)<0.000000001,"OK","Not A Match")
A12: South | B12: Wednesday | C12: =data_a!C12 | D12: =data_b!C12 | E12: comparison_metric | F12: 0.5 | G12: =IF(C12=10,(C12+D12),IF(C12>=8,(C12-D12),IF(C12<=3,(C12/2),IF(C12>D12,(C12+D12),IF(C12<>5,(C12*2),(D12-C12)))))) | H12: =IF(ABS(F12-G12)<0.000000001,"OK","Not A Match")
A13: South | B13: Thursday | C13: =data_a!C13 | D13: =data_b!C13 | E13: comparison_metric | F13: 6 | G13: =IF(C13=10,(C13+D13),IF(C13>=8,(C13-D13),IF(C13<=3,(C13/2),IF(C13>D13,(C13+D13),IF(C13<>5,(C13*2),(D13-C13)))))) | H13: =IF(ABS(F13-G13)<0.000000001,"OK","Not A Match")
... A15: South | B15: Saturday | C15: =data_a!C15 | D15: =data_b!C15 | E15: comparison_metric | F15: 0 | G15: =IF(C15=10,(C15+D15),IF(C15>=8,(C15-D15),IF(C15<=3,(C15/2),IF(C15>D15,(C15+D15),IF(C15<>5,(C15*2),(D15-C15)))))) | H15: =IF(ABS(F15-G15)<0.000000001,"OK","Not A Match")
